{
  "slug": "demotv",
  "name": "Demo TV",
  "description": "Wide-screen demo for TV or wallboard layouts.",
  "className": "theme-demo",
  "theme": "demo",
  "maxColumns": 7,
  "maxRows": 6,
  "columnWidth": 320,
  "rowHeight": 220,
  "gutter": 16,
  "defaultWidgetSpan": {
    "w": 1,
    "h": 1
  },
  "widgets": [
    {"id":"frame","type":"frame","title":"Embedded View","position":{"x":1,"y":1,"w":2,"h":2}},
    {"id":"graph","type":"graph","title":"Latency Trend","position":{"x":3,"y":1,"w":2,"h":2,"minW":2,"minH":2,"maxW":5,"maxH":3}},
    {"id":"feed","type":"feed","title":"Live Feed","position":{"x":6,"y":1,"w":1,"h":2}},
    {"id":"log","type":"log","title":"System Log","position":{"x":1,"y":3,"w":1,"h":2}},
    {"id":"status","type":"status","title":"Platform Health","position":{"x":4,"y":4,"w":1,"h":1}},
    {"id":"metric","type":"metric","title":"Requests / min","position":{"x":5,"y":3,"w":1,"h":1,"minW":1,"maxW":2}},
    {"id":"gauge","type":"gauge","title":"CPU Load","position":{"x":6,"y":3,"w":1,"h":1}},
    {"id":"progress","type":"progress","title":"Deploy","position":{"x":7,"y":3,"w":1,"h":1}},
    {"id":"table","type":"table","title":"Top Services","position":{"x":7,"y":1,"w":1,"h":2}},
    {"id":"spark","type":"spark","title":"Temp Trend","position":{"x":2,"y":4,"w":1,"h":1,"minW":1,"maxW":2}},
    {"id":"donut","type":"donut","title":"Traffic Mix","position":{"x":4,"y":5,"w":1,"h":2,"minW":1,"maxW":2}},
    {"id":"bar","type":"bar","title":"Top Endpoints","position":{"x":5,"y":4,"w":1,"h":1,"minW":1,"maxW":2}},
    {"id":"clock","type":"clock","title":"Local Time","position":{"x":3,"y":3,"w":1,"h":1}},
    {"id":"agenda","type":"agenda","title":"Up Next","position":{"x":5,"y":1,"w":1,"h":2}},
    {"id":"countdown","type":"countdown","title":"Countdown","position":{"x":3,"y":4,"w":1,"h":1}},
    {"id":"toggle","type":"toggle","title":"Feature Flag","position":{"x":4,"y":3,"w":1,"h":1}},
    {"id":"actions","type":"actions","title":"Quick Actions","position":{"x":5,"y":5,"w":1,"h":2}},
    {"id":"inspect","type":"inspect","title":"Last Payload","position":{"x":3,"y":5,"w":1,"h":2}},
    {"id":"image","type":"image","title":"Snapshot","position":{"x":1,"y":5,"w":2,"h":2}},
    {"id":"text","type":"text","title":"Announcements","position":{"x":2,"y":3,"w":1,"h":1}},
    {"id":"rss","type":"rss","title":"RSS Feeds","position":{"x":6,"y":4,"w":2,"h":3}}
  ]
}
