{
  "slug": "main",
  "name": "Main Dashboard",
  "description": "Primary home dashboard with live cams, weather, and energy.",
  "className": "theme-main",
  "theme": "main",
  "maxRows": 6,
  "maxColumns": 12,
  "gutter": 0,
  "columnWidth": 160,
  "rowHeight": 180,
  "widgets": [
    {"id":"twitchstream","type":"twitchstream","title":"Twitchstream","position":{"w":10,"h":5,"x":1,"y":1}},
    {"id":"forecast","type":"forecast","title":"Forecast","position":{"w":1,"h":1,"x":11,"y":1}},
    {"id":"nest","type":"nest","title":"Nest","position":{"w":1,"h":1,"x":12,"y":1}},
    {"id":"clock","type":"clock","title":"Clock","position":{"w":2,"h":1,"x":11,"y":2}},
    {"id":"radar","type":"radar","title":"Radar","position":{"w":2,"h":1,"x":11,"y":3}},
    {"id":"camera","type":"camera","title":"Camera","position":{"w":2,"h":1,"x":11,"y":4}},
    {"id":"camera2","type":"camera2","title":"Camera2","position":{"w":2,"h":1,"x":11,"y":5}},
    {"id":"tomorrow","type":"tomorrow","title":"Tomorrow","position":{"w":2,"h":1,"x":1,"y":6}},
    {"id":"hourly","type":"hourly","title":"Hourly","position":{"w":2,"h":1,"x":3,"y":6}},
    {"id":"ev","type":"ev","title":"Ev","position":{"w":1,"h":1,"x":10,"y":6}},
    {"id":"stocks","type":"stocks","title":"Stocks","position":{"w":1,"h":1,"x":11,"y":6}},
    {"id":"roomtemp","type":"roomtemp","title":"Roomtemp","position":{"w":1,"h":1,"x":12,"y":6}}
  ]
}
